lot,lat,output,iata,city,
-47.403057,-18.485556,587,3100104,Abadia dos Dourados,
-45.445835,-19.16,1496,3100203,Abaeté,
-42.477501,-20.301111,1193,3100302,Abre Campo,
-43.144726,-20.362501,264,3100401,Acaiaca,
-42.546387,-19.073057,1049,3100500,Açucena,
-42.388889,-17.996111,1708,3100609,Água Boa,
-48.108887,-20.056389,54,3100708,Água Comprida,
-45.39278,-20.942499,116,3100807,Aguanil,
-40.935833,-17.082224,1354,3100906,Águas Formosas,
-41.459999,-15.747223,456,3101003,Águas Vermelhas,
-41.063889,-19.495834,950,3101102,Aimorés,
-44.603054,-21.975555,422,3101201,Aiuruoca,
-44.641945,-22.170555,161,3101300,Alagoa,
-46.615833,-22.200834,23,3101409,Albertina,
-42.704445,-21.887777,1012,3101508,Além Paraíba,
-45.947224,-21.429167,2668,3101607,Alfenas,
-43.776943,-21.145277,130,3101631,Alfredo Vasconcelos,
-40.694447,-16.183611,3054,3101706,Almenara,
-41.97028,-18.974167,364,3101805,Alpercata,
-46.388058,-20.863611,571,3101904,Alpinópolis,
-46.143059,-21.249166,452,3102001,Alterosa,
-41.868332,-20.433332,485,3102050,Alto Caparaó,
-41.966389,-20.423889,656,3153509,Alto Jequitibá,
-43.411392,-21.025833,496,3102100,Alto Rio Doce,
-41.728611,-19.417221,1193,3102209,Alvarenga,
-43.048889,-20.106667,172,3102308,Alvinópolis,
-43.365276,-18.736111,400,3102407,Alvorada de Minas,
-42.802498,-20.507223,795,3102506,Amparo do Serra,
-46.569164,-22.068056,558,3102605,Andradas,
-44.309166,-21.739723,449,3102803,Andrelândia,
-42.162502,-17.602222,374,3102852,Angelândia,
-43.746666,-21.318056,590,3102902,Antônio Carlos,
-42.872219,-19.652777,739,3103009,Antônio Dias,
-42.109444,-21.016111,107,3103108,Antônio Prado de Minas,
-44.248055,-19.19861,317,3103207,Araçaí,
-43.37833,-21.342501,34,3103306,Aracitaba,
-42.070278,-16.849722,1346,3103405,Araçuaí,
-48.187222,-18.647223,2751,3103504,Araguari,
-44.255833,-21.91111,68,3103603,Arantina,
-42.520832,-20.666666,344,3103702,Araponga,
-49.185001,-18.43611,105,3103751,Araporã,
-46.155556,-19.033888,218,3103801,Arapuá,
-45.165558,-19.948055,225,3103900,Araújos,
-46.940556,-19.593334,3755,3104007,Araxá,
-46.940002,-21.364166,148,3104106,Arceburgo,
-45.539444,-20.281944,1411,3104205,Arcos,
-46.145557,-21.358612,471,3104304,Areado,
-42.836109,-21.610001,182,3104403,Argirita,
-42.556942,-17.867222,187,3104452,Aricanduva,
-46.105553,-15.916945,880,3104502,Arinos,
-42.862221,-21.315277,528,3104601,Astolfo Dutra,
-41.109997,-18.043612,791,3104700,Ataléia,
-44.266945,-18.109167,820,3104809,Augusto de Lima,
-44.890003,-21.958889,532,3104908,Baependi,
-43.956944,-19.288332,501,3105004,Baldim,
-45.976944,-20.00639,1064,3105103,Bambuí,
-40.559444,-15.884722,340,3105202,Bandeira,
-46.385834,-21.728056,374,3105301,Bandeira do Sul,
-43.487221,-19.945833,1214,3105400,Barão de Cocais,
-42.237499,-21.245001,258,3105509,Barão de Monte Alto,
-43.773609,-21.225834,4872,3105608,Barbacena,
-43.041111,-20.282778,467,3105707,Barra Longa,
-43.975834,-21.186943,921,3105905,Barroso,
-43.09111,-19.830278,440,3106002,Bela Vista de Minas,
-43.415001,-21.94861,335,3106101,Belmiro Braga,
-43.937778,-19.920834,169803,3106200,Belo Horizonte,
-42.483612,-19.220001,1112,3106309,Belo Oriente,
-44.024445,-20.407778,369,3106408,Belo Vale,
-42.465557,-16.951668,505,3106507,Berilo,
-41.744999,-15.613334,249,3106655,Berizal,
-40.574444,-17.063055,156,3106606,Bertópolis,
-44.198334,-19.967779,14628,3106705,Betim,
-43.756943,-21.606112,244,3106804,Bias Fortes,
-43.059444,-21.725279,872,3106903,Bicas,
-45.502224,-18.782778,258,3107000,Biquinhas,
-45.565834,-21.09,2383,3107109,Boa Esperança,
-44.394726,-22.1675,188,3107208,Bocaina de Minas,
-43.814999,-17.107779,2638,3107307,Bocaiúva,
-45.252224,-19.736389,2435,3107406,Bom Despacho,
-44.191113,-21.947222,319,3107505,Bom Jardim de Minas,
-46.522499,-21.016945,215,3107604,Bom Jesus da Penha,
-43.47361,-19.703611,335,3107703,Bom Jesus do Amparo,
-42.316109,-19.82889,1100,3107802,Bom Jesus do Galho,
-46.145,-22.471111,333,3107901,Bom Repouso,
-44.758057,-21.033054,1374,3108008,Bom Sucesso,
-44.238613,-20.326668,229,3108107,Bonfim,
-45.990002,-16.567501,699,3108206,Bonfinópolis de Minas,
-44.754444,-15.323334,226,3108255,Bonito de Minas,
-46.165279,-22.274166,528,3108305,Borda da Mata,
-46.395,-21.633333,436,3108404,Botelhos,
-43.010834,-16.872223,434,3108503,Botumirim,
-43.242222,-20.920555,848,3108701,Brás Pires,
-46.009445,-17.009722,2130,3108552,Brasilândia de Minas,
-44.433334,-16.20639,213,3108602,Brasília de Minas,
-45.607498,-22.473612,337,3108909,Brasópolis,
-42.715557,-19.055832,804,3108800,Braúnas,
-44.199722,-20.143333,1641,3109006,Brumadinho,
-46.35083,-22.440832,315,3109105,Bueno Brandão,
-44.18,-17.873333,590,3109204,Buenópolis,
-42.244446,-19.426111,159,3109253,Bugre,
-46.423336,-15.617778,762,3109303,Buritis,
-44.962223,-17.351112,1716,3109402,Buritizeiro,
-47.090553,-16.029722,64,3109451,Cabeceira Grande,
-46.396114,-21.471945,674,3109501,Cabo Verde,
-44.453613,-19.524721,375,3109600,Cachoeira da Prata,
-45.778889,-22.355,407,3109709,Cachoeira de Minas,
-41.498055,-15.966111,105,3102704,Cachoeira de Pajeú,
-49.501389,-18.514999,756,3109808,Cachoeira Dourada,
-44.418613,-19.295277,1943,3109907,Caetanópolis,
-43.669724,-19.880001,81,3110004,Caeté,
-41.925003,-20.695555,174,3110103,Caiana,
-42.796665,-20.790556,785,3110202,Cajuri,
-46.386112,-21.923611,375,3110301,Caldas,
-45.15667,-20.625278,545,3110400,Camacho,
-46.144726,-22.755278,549,3110509,Camanducaia,
-46.057499,-22.612223,521,3110608,Cambuí,
-45.295834,-21.852222,287,3110707,Cambuquira,
-41.748333,-18.238611,523,3110806,Campanário,
-45.400558,-21.836111,1053,3110905,Campanha,
-46.246387,-21.711111,1982,3111002,Campestre,
-49.486389,-19.535555,291,3111101,Campina Verde,
-44.810555,-16.503611,1888,3111150,Campo Azul,
-45.277222,-20.897223,474,3111200,Campo Belo,
-45.830276,-21.106667,441,3111309,Campo do Meio,
-48.57222,-19.760555,1255,3111408,Campo Florido,
-46.171391,-19.69611,1355,3111507,Campos Altos,
-45.75861,-21.235001,613,3111606,Campos Gerais,
-45.181946,-21.020834,845,3111903,Cana Verde,
-42.61972,-20.685833,317,3111705,Canaã,
-49.204445,-18.7237,657,3111804,Canápolis,
-45.27639,-20.766945,148,3112000,Candeias,
-42.626942,-18.525833,473,3112059,Cantagalo,
-41.904446,-20.523056,300,3112109,Caparaó,
-43.617775,-20.923056,2853,3112208,Capela Nova,
-42.515835,-17.691387,155,3112307,Capelinha,
-47.053612,-20.616388,333,3112406,Capetinga,
-44.116665,-19.548889,1205,3112505,Capim Branco,
-49.569721,-18.681944,267,3112604,Capinópolis,
-41.858055,-19.067501,1074,3112653,Capitão Andrade,
-43.710556,-16.324446,342,3112703,Capitão Enéas,
-46.049999,-20.615278,540,3112802,Capitólio,
-42.270554,-20.171944,1074,3112901,Caputira,
-41.694725,-17.188889,363,3113008,Caraí,
-43.739166,-20.875834,899,3113107,Caranaíba,
-43.806389,-20.953611,1607,3113206,Carandaí,
-42.029446,-20.733055,6411,3113305,Carangola,
-42.139168,-19.789722,546,3113404,Caratinga,
-43.015835,-17.526945,419,3113503,Carbonita,
-45.699169,-22.043055,1474,3113602,Careaçu,
-40.766388,-17.703056,226,3113701,Carlos Chagas,
-43.14167,-19.08889,724,3113800,Carmésia,
-45.22361,-21.460835,505,3113909,Carmo da Cachoeira,
-44.870552,-20.557777,653,3114006,Carmo da Mata,
-45.129166,-22.122223,534,3114105,Carmo de Minas,
-44.771111,-20.184166,1417,3114204,Carmo do Cajuru,
-46.316109,-19.000834,1009,3114303,Carmo do Paranaíba,
-46.118889,-20.971945,527,3114402,Carmo do Rio Claro,
-44.635002,-20.541388,288,3114501,Carmópolis de Minas,
-50.688057,-19.697498,281,3114550,Carneirinho,
-44.642502,-21.487501,198,3114600,Carrancas,
-45.84111,-21.777777,209,3114709,Carvalhópolis,
-44.461391,-22.001112,158,3114808,Carvalhos,
-43.930279,-20.792778,242,3114907,Casa Grande,
-47.87722,-18.576389,516,3115003,Cascalho Rico,
-46.921947,-20.583055,147,3115102,Cássia,
-42.696667,-21.389166,2130,3115300,Cataguases,
-43.407501,-20.074722,571,3115359,Catas Altas,
-43.497501,-20.689999,254,3115409,Catas Altas da Noruega,
-41.516945,-17.299444,773,3115458,Catuji,
-42.96278,-15.358334,177,3115474,Catuti,
-44.932503,-21.977222,1426,3115508,Caxambu,
-45.711391,-19.148333,197,3115607,Cedro do Abaeté,
-41.306389,-18.761944,552,3115706,Central de Minas,
-49.199444,-18.583889,809,3115805,Centralina,
-43.221668,-21.672222,109,3115904,Chácara,
-41.687778,-20.043612,288,3116001,Chalé,
-42.535278,-17.086945,526,3116100,Chapada do Norte,
-45.618332,-15.305555,422,3116159,Chapada Gaúcha,
-43.057777,-22.002501,98,3116209,Chiador,
-43.365555,-20.905277,536,3116308,Cipotânea,
-47.266666,-20.39889,109,3116407,Claraval,
-44.208611,-17.079723,577,3116506,Claro dos Poções,
-44.765835,-20.443333,802,3116605,Cláudio,
-42.802776,-20.856667,415,3116704,Coimbra,
-42.840275,-18.233889,612,3116803,Coluna,
-49.080555,-19.698332,280,3116902,Comendador Gomes,
-41.793331,-16.29611,299,3117009,Comercinho,
-46.204445,-21.094168,426,3117108,Conceição da Aparecida,
-44.472221,-21.128889,81,3115201,Conceição da Barra de Minas,
-48.388336,-19.914722,1165,3117306,Conceição das Alagoas,
-45.454723,-22.16,534,3117207,Conceição das Pedras,
-41.69389,-19.928055,1184,3117405,Conceição de Ipanema,
-43.425003,-19.037222,235,3117504,Conceição do Mato Dentro,
-44.896667,-19.753056,253,3117603,Conceição do Pará,
-45.085278,-21.880833,280,3117702,Conceição do Rio Verde,
-45.798054,-22.413055,189,3117801,Conceição dos Ouros,
-44.418056,-15.294168,154,3117836,Cônego Marinho,
-43.982777,-19.6325,316,3117876,Confins,
-46.039444,-22.152777,2066,3117900,Congonhal,
-43.857777,-20.499722,428,3118007,Congonhas,
-43.681389,-18.807222,385,3118106,Congonhas do Norte,
-47.541668,-19.937222,2964,3118205,Conquista,
-43.78611,-20.660278,1227,3118304,Conselheiro Lafaiete,
-41.472221,-19.172222,92,3118403,Conselheiro Pena,
-45.921112,-22.551388,29580,3118502,Consolação,
-44.053612,-19.931665,775,3118601,Contagem,
-45.440556,-21.189444,2369,3118700,Coqueiral,
-44.364998,-16.685276,879,3118809,Coração de Jesus,
-44.320831,-19.125,231,3118908,Cordisburgo,-19125
-45.700832,-21.7925,2386,3119005,Cordislândia,
-44.45639,-18.380833,725,3119104,Corinto,
-42.285831,-18.621944,1607,3119203,Coroaci,
-47.200279,-18.473333,4973,3119302,Coromandel,
-42.628887,-19.51861,586,3119401,Coronel Fabriciano,
-42.182224,-16.618889,339,3119500,Coronel Murta,
-43.265556,-21.587778,131,3119609,Coronel Pacheco,
-44.223057,-21.023611,219,3119708,Coronel Xavier Chaves,
-45.904446,-19.823612,222,3119807,Córrego Danta,
-46.02,-22.630278,141,3119906,Córrego do Bom Jesus,
-45.555,-20.449165,492,3119955,Córrego Fundo,
-42.396389,-19.831945,179,3120003,Córrego Novo,
-43.471111,-18.07139,417,3120102,Couto de Magalhães de Minas,
-40.911945,-17.237223,367,3120151,Crisólita,
-45.518612,-20.875555,181,3120201,Cristais,
-42.862221,-16.800278,331,3120300,Cristália,
-43.805553,-20.832224,346,3120409,Cristiano Otoni,
-45.264168,-22.211945,262,3120508,Cristina,
-44.336945,-20.383888,371,3120607,Crucilândia,
-46.673611,-18.945833,556,3120706,Cruzeiro da Fortaleza,
-44.808334,-21.838612,174,3120805,Cruzília,
-41.099167,-18.969444,234,3120839,Cuparaque,
-41.844444,-15.9375,4114,3120870,Curral de Dentro,
-44.430836,-18.75639,422,3120904,Curvelo,
-43.655834,-18.445555,390,3121001,Datas,
-45.279999,-22.509167,230,3121100,Delfim Moreira,
-46.853886,-20.343889,296,3121209,Delfinópolis,
-47.771111,-19.976667,261,3121258,Delta,
-42.967499,-21.459723,337,3121308,Descoberto,
-44.3325,-20.66,187,3121407,Desterro de Entre Rios,
-43.517776,-21.147223,4183,3121506,Desterro do Melo,
-43.600277,-18.249445,415,3121605,Diamantina,
-43.198334,-20.487778,762,3121704,Diogo de Vasconcelos,
-42.776665,-19.842779,101,3121803,Dionísio,
-43.003887,-20.990278,1100,3121902,Divinésia,
-42.148613,-20.614445,166,3122009,Divino,
-41.479721,-18.777777,464,3122108,Divino das Laranjeiras,
-42.614445,-18.801111,7089,3122207,Divinolândia de Minas,
-44.883892,-20.138889,341,3122306,Divinópolis,
-41.344997,-15.725555,433,3122355,Divisa Alegre,
-46.195835,-21.51111,493,3122405,Divisa Nova,
-41,-15.725555,186,3122454,Divisópolis,
-46.270832,-16.651943,855,3122470,Dom Bosco,
-42.106388,-19.37389,307,3122504,Dom Cavati,
-43.255833,-18.967222,577,3122603,Dom Joaquim,
-42.967777,-20.16,81,3122702,Dom Silvério,
-45.161114,-22.254444,173,3122801,Dom Viçoso,
-42.810555,-21.316387,200,3122900,Dona Eusébia,
-44.023056,-21.108889,568,3123007,Dores de Campos,
-42.929169,-19.058332,1455,3123106,Dores de Guanhães,
-45.601665,-19.463335,495,3123205,Dores do Indaiá,
-43.189167,-20.975555,250,3123304,Dores do Turvo,
-45.903336,-20.286943,40,3123403,Doresópolis,
-47.608608,-18.431389,335,3123502,Douradoquara,
-41.797779,-20.203335,530,3123528,Durandé,
-45.565277,-21.610001,732,3123601,Elói Mendes,
-42.046112,-19.219444,652,3123700,Engenheiro Caldas,
-43.950001,-17.279722,310,3123809,Engenheiro Navarro,
-42.230556,-19.625278,529,3123858,Entre Folhas,
-44.065556,-20.670834,882,3123908,Entre Rios de Minas,
-42.657223,-20.84,3111,3124005,Ervália,
-44.313889,-19.762501,829,3124104,Esmeraldas,
-41.907223,-20.650278,828,3124203,Espera Feliz,
-42.819164,-14.926111,218,3124302,Espinosa,
-45.950832,-22.046389,391,3124401,Espírito Santo do Dourado,
-46.017223,-22.462778,87,3124500,Estiva,
-42.461113,-21.741945,184,3124609,Estrela Dalva,
-45.787498,-19.522223,385,3124708,Estrela do Indaiá,
-47.69278,-18.745556,445,3124807,Estrela do Sul,
-42.186668,-21.098612,154,3124906,Eugenópolis,
-43.509998,-21.551111,393,3125002,Ewbank da Câmara,
-46.318333,-22.854723,168,3125101,Extrema,
-45.828609,-21.406389,208,3125200,Fama,
-42.02972,-20.808332,231,3125309,Faria Lemos,
-43.246944,-18.077223,153,3125408,Felício dos Santos,
-40.761391,-16.638611,512,3125606,Felisburgo,
-44.898891,-18.758055,855,3125705,Felixlândia,
-42.081944,-19.15361,271,3125804,Fernandes Tourinho,
-43.023335,-19.231945,1081,3125903,Ferros,
-42.278889,-20.725555,592,3125952,Fervedouro,
-44.432503,-19.889444,275,3126000,Florestal,
-45.426392,-20.464445,1825,3126109,Formiga,
-46.231945,-14.946667,253,3126208,Formoso,
-46.718056,-20.849167,260,3126307,Fortaleza de Minas,
-44.446945,-19.56111,157,3126406,Fortuna de Minas,
-42.351944,-16.9925,271,3126505,Francisco Badaró,
-44.234165,-17.314999,310,3126604,Francisco Dumont,
-43.488335,-16.475834,1536,3126703,Francisco Sá,
-42.00861,-17.959723,171,3126752,Franciscópolis,
-41.429447,-18.066111,353,3126802,Frei Gaspar,
-41.90889,-18.574446,558,3126901,Frei Inocêncio,
-42.766109,-18.167778,128,3126950,Frei Lagonegro,
-49.199444,-20.267778,269,3127008,Fronteira,
-40.924725,-16.891388,194,3127057,Fronteira dos Vales,
-42.533054,-16.131111,163,3127073,Fruta de Leite,
-48.940556,-20.024721,1462,3127107,Frutal,
-44.05611,-19.3675,308,3127206,Funilândia,
-41.537498,-18.999445,662,3127305,Galiléia,
-43.123608,-15.082222,226,3127339,Gameleiras,
-43.697224,-16.849722,199,3127354,Glaucilândia,
-41.2225,-18.982224,203,3127370,Goiabeira,
-43.201668,-21.537222,389,3127388,Goianá,
-45.855831,-22.658888,112,3127404,Gonçalves,
-42.479168,-18.822224,542,3127503,Gonzaga,
-43.740833,-18.454445,1360,3127602,Gouveia,
-41.949444,-18.851112,12332,3127701,Governador Valadares,
-42.889725,-16.559444,973,3127800,Grão Mogol,
-47.722221,-18.494167,108,3127909,Grupiara,
-42.932503,-18.775,1955,3128006,Guanhães,
-45.9175,-20.761667,760,3128105,Guapé,
-43.0075,-20.570835,548,3128204,Guaraciaba,
-43.673058,-17.013889,141,3128253,Guaraciama,
-46.802498,-21.299166,612,3128303,Guaranésia,
-43.046944,-21.352222,494,3128402,Guarani,
-43.037498,-21.731945,114,3128501,Guarará,
-47.098331,-17.770834,302,3128600,Guarda-Mor,
-46.71278,-21.305277,1338,3128709,Guaxupé,
-42.796665,-21.151943,402,3128808,Guidoval,
-46.793056,-18.843889,679,3128907,Guimarânia,
-42.717777,-21.007778,502,3129004,Guiricema,
-49.786388,-19.213335,711,3129103,Gurinhatã,
-45.542221,-22.067223,360,3129202,Heliodora,
-42.217777,-19.436666,617,3129301,Iapu,
-43.963055,-21.43,322,3129400,Ibertioga,
-46.538887,-19.478334,1224,3129509,Ibiá,
-44.914448,-16.861111,590,3129608,Ibiaí,
-44.163891,-15.66361,208,3129657,Ibiracatu,
-47.122219,-20.462223,220,3129707,Ibiraci,
-44.058887,-20.021944,5431,3129806,Ibirité,
-46.440002,-22.060833,273,3129905,Ibitiúra de Minas,
-44.74778,-21.1525,168,3130002,Ibituruna,
-44.906391,-16.217222,237,3130051,Icaraí de Minas,
-44.301666,-20.070278,1405,3130101,Igarapé,
-44.709167,-19.955278,338,3130200,Igaratinga,
-45.711391,-20.174444,624,3130309,Iguatama,
-44.925278,-21.17,168,3130408,Ijaci,
-45.832775,-20.935833,197,3130507,Ilicínea,
-41.970554,-19.597223,697,3130556,Imbé de Minas,
-46.327778,-22.316946,360,3130606,Inconfidentes,
-42.197224,-15.491667,238,3130655,Indaiabira,
-47.916946,-19.03861,811,3130705,Indianópolis,
-44.917225,-21.401112,131,3130804,Ingaí,
-42.119999,-19.549166,2299,3130903,Inhapim,
-44.389725,-19.491112,466,3131000,Inhaúma,
-44.360554,-18.729168,323,3131109,Inimutaba,
-42.419445,-19.41361,536,3131158,Ipaba,
-41.713055,-19.800833,1143,3131208,Ipanema,
-42.536667,-19.468334,15750,3131307,Ipatinga,
-49.94278,-18.692221,244,3131406,Ipiaçu,
-46.189724,-22.09889,410,3131505,Ipuiúna,
-47.461391,-18.983889,463,3131604,Iraí de Minas,
-43.226944,-19.619167,4504,3131703,Itabira,
-41.233055,-18.566387,390,3131802,Itabirinha,
-43.801388,-20.253334,1809,3131901,Itabirito,
-43.308887,-17.064722,422,3132008,Itacambira,
-44.091942,-15.102222,699,3132107,Itacarambi,
-44.487499,-20.392221,730,3132206,Itaguara,
-41.668613,-17.401943,698,3132305,Itaipé,
-45.452778,-22.425554,3183,3132404,Itajubá,
-42.858887,-17.857224,1351,3132503,Itamarandiba,
-42.817776,-21.415833,353,3132602,Itamarati de Minas,
-41.685001,-18.031111,1948,3132701,Itambacuri,
-43.32111,-19.414444,124,3132800,Itambé do Mato Dentro,
-47.048332,-21.078056,330,3132909,Itamogi,
-44.869999,-22.283888,498,3133006,Itamonte,
-44.934723,-22.295834,365,3133105,Itanhandu,
-41.865276,-19.171944,1068,3133204,Itanhomi,
-41.503334,-16.561666,1248,3133303,Itaobim,
-49.381386,-19.908611,417,3133402,Itapagipe,
-45.125553,-20.4725,1238,3133501,Itapecerica,
-46.220833,-22.768055,334,3133600,Itapeva,
-44.421112,-20.196667,446,3133709,Itatiaiuçu,
-46.752224,-20.739445,440,3133758,Itaú de Minas,
-44.576389,-20.075279,2198,3133808,Itaúna,
-43.609997,-20.678055,599,3133907,Itaverava,
-41.765278,-16.613056,680,3134004,Itinga,
-41.17028,-19.394167,231,3134103,Itueta,
-49.465,-18.968889,4632,3134202,Ituiutaba,
-44.871109,-21.316946,202,3134301,Itumirim,
-50.195557,-19.728056,1700,3134400,Iturama,
-44.65778,-21.298056,399,3134509,Itutinga,
-43.744999,-19.513611,840,3134608,Jaboticatubas,
-40.293331,-16.144444,882,3134707,Jacinto,
-46.741112,-21.016666,715,3134806,Jacuí,
-46.612221,-22.285555,284,3134905,Jacutinga,
-42.749722,-19.649166,162,3135001,Jaguaraçu,
-43.674446,-15.338333,1983,3135050,Jaíba,
-41.803886,-18.462778,303,3135076,Jampruca,
-43.308887,-15.8025,4355,3135100,Janaúba,
-44.361942,-15.488056,3630,3135209,Januária,
-45.503334,-20.141388,106,3135308,Japaraíba,
-44.27,-15.994722,480,3135357,Japonvar,
-43.983334,-20.535276,421,3135407,Jeceaba,
-42.258335,-17.082779,141,3135456,Jenipapo de Minas,
-42.665836,-20.455833,670,3135506,Jequeri,
-44.445557,-17.235556,625,3135605,Jequitaí,
-44.027779,-19.235556,506,3135704,Jequitibá,
-41.003334,-16.433887,2115,3135803,Jequitinhonha,
-45.291111,-21.997778,145,3135902,Jesuânia,
-41.030556,-16.654167,1368,3136009,Joaíma,
-42.678612,-19.172222,463,3136108,Joanésia,
-43.173611,-19.809999,3763,3136207,João Monlevade,
-46.172501,-17.7425,2272,3136306,João Pinheiro,
-44.172222,-17.7575,401,3136405,Joaquim Felício,
-40.178059,-15.900277,672,3136504,Jordânia,
-42.603611,-16.906944,270,3136520,José Gonçalves de Minas,
-42.498611,-18.219444,88,3136553,José Raydan,
-42.515278,-16.547222,153,3136579,Josenópolis,
-44.342777,-19.951944,265,3136652,Juatuba,
-43.350277,-21.764166,1038,3136702,Juiz de Fora,
-43.586945,-16.848057,11176,3136801,Juramento,
-46.576942,-21.252777,186,3136900,Juruaia,
-44.160278,-14.2625,293,3136959,Juvenília,
-41.737499,-17.632223,122,3137007,Ladainha,
-46.807499,-18.178333,648,3137106,Lagamar,
-45.54361,-20.022499,765,3137205,Lagoa da Prata,
-44.582222,-16.983334,1055,3137304,Lagoa dos Patos,
-44.078331,-20.914444,492,3137403,Lagoa Dourada,
-46.407501,-18.77861,385,3137502,Lagoa Formosa,
-46.514446,-17.835278,1115,3137536,Lagoa Grande,
-43.889725,-19.627222,502,3137601,Lagoa Santa,
-41.622776,-20.151388,1670,3137700,Lajinha,
-45.350277,-21.975555,1082,3137809,Lambari,
-43.474167,-20.790277,675,3137908,Lamim,
-42.476944,-21.374445,400,3138005,Laranjal,
-44.577499,-17.886667,392,3138104,Lassance,
-44.999722,-21.245277,500,3138203,Lavras,
-45.025002,-19.718056,3625,3138302,Leandro Ferreira,
-42.692501,-17.083334,191,3138351,Leme do Prado,
-42.643059,-21.531944,312,3138401,Leopoldina,
-44.319721,-22.028889,1780,3138500,Liberdade,
-43.793056,-21.842501,124,3138609,Lima Duarte,
-50.580555,-19.551111,663,3138625,Limeira do Oeste,
-44.305,-15.903333,340,3138658,Lontra,
-42.102776,-20.439722,428,3138674,Luisburgo,
-44.588612,-16.1175,264,3138682,Luislândia,
-44.903336,-21.51111,351,3138708,Luminárias,
-45.685558,-19.801388,285,3138807,Luz,
-40.716389,-17.077223,1026,3138906,Machacalis,
-45.919724,-21.674721,565,3139003,Machado,
-44.330276,-21.4825,1707,3139102,Madre de Deus de Minas,
-42.076664,-17.842222,154,3139201,Malacacheta,
-42.949444,-15.050278,1767,3139250,Mamonas,
-43.932224,-14.755834,135,3139300,Manga,
-42.033611,-20.258055,1394,3139409,Manhuaçu,
-41.958057,-20.357779,4361,3139508,Manhumirim,
-40.980278,-18.781666,1241,3139607,Mantena,
-43.009724,-21.867222,1208,3139805,Mar de Espanha,
-44.676392,-19.516111,495,3139706,Maravilhas,
-45.375275,-22.308054,287,3139904,Maria da Fé,
-43.416111,-20.377777,827,3140001,Mariana,
-42.083889,-18.508055,2867,3140100,Marilac,
-44.188335,-20.056389,179,3140159,Mário Campos,
-42.958889,-21.698055,695,3140209,Maripá de Minas,
-42.732224,-19.712223,50,3140308,Marliéria,
-45.165279,-22.449165,345,3140407,Marmelópolis,
-45.236946,-19.331667,120,3140506,Martinho Campos,
-41.876942,-20.256945,965,3140530,Martins Soares,
-40.741112,-15.686389,432,3140555,Mata Verde,
-43.059723,-18.474167,123,3140605,Materlândia,
-44.42778,-19.986389,311,3140704,Mateus Leme,
-41.914448,-18.564722,1492,3171501,Mathias Lobato,
-43.319443,-21.869167,505,3140803,Matias Barbosa,
-43.921947,-14.854723,783,3140852,Matias Cardoso,
-42.34111,-20.283888,1185,3140902,Matipó,
-42.866386,-15.397223,642,3141009,Mato Verde,
-44.081387,-19.557777,1482,3141108,Matozinhos,
-45.968613,-19.2225,315,3141207,Matutina,
-46.226112,-19.995556,91,3141306,Medeiros,
-41.476944,-16.2225,1364,3141405,Medina,
-41.404724,-18.66111,441,3141504,Mendes Pimentel,
-43.341389,-21.194166,450,3141603,Mercês,
-42.60722,-19.2225,361,3141702,Mesquita,
-42.590275,-17.218611,1643,3141801,Minas Novas,
-44.603886,-21.681944,257,3141900,Minduri,
-44.164448,-16.262777,797,3142007,Mirabela,
-42.342499,-20.890556,738,3142106,Miradouro,
-42.614166,-21.195276,748,3142205,Miraí,
-44.403614,-14.741112,99,3142254,Miravânia,
-44.052776,-20.333055,415,3142304,Moeda,
-45.410835,-19.843334,506,3142403,Moema,
-44.119164,-18.325279,276,3142502,Monjolos,
-45.541111,-21.7575,250,3142601,Monsenhor Paulo,
-44.365555,-14.422778,567,3142700,Montalvânia,
-48.880833,-18.870556,717,3142809,Monte Alegre de Minas,
-42.874722,-15.155,838,3142908,Monte Azul,
-46.367496,-21.326389,591,3143005,Monte Belo,
-47.498611,-18.724722,2479,3143104,Monte Carmelo,
-41.25528,-16.865833,324,3143153,Monte Formoso,
-46.980278,-21.189722,712,3143203,Monte Santo de Minas,
-46.572498,-22.432499,13768,3143401,Monte Sião,
-43.861664,-16.735001,478,3143302,Montes Claros,
-42.497223,-15.171945,113,3143450,Montezuma,
-45.356667,-18.604445,584,3143500,Morada Nova de Minas,
-44.602497,-18.546944,160,3143609,Morro da Garça,
-43.376389,-19.215557,274,3143708,Morro do Pilar,
-46.360554,-22.613056,192,3143807,Munhoz,
-42.366386,-21.130556,2684,3143906,Muriaé,
-41.438335,-19.799999,1315,3144003,Mutum,
-46.525555,-21.375834,607,3144102,Muzambinho,
-42.248611,-18.459167,184,3144201,Nacip Raydan,
-40.353886,-17.839167,1744,3144300,Nanuque,
-42.328331,-19.230278,559,3144359,Naque,
-46.493332,-16.504168,276,3144375,Natalândia,
-45.511665,-22.120001,170,3144409,Natércia,
-44.611389,-21.216389,699,3144508,Nazareno,
-45.235832,-21.235834,1251,3144607,Nepomuceno,
-41.753613,-15.321111,67,3144656,Ninheira,
-41.016666,-18.475,189,3144672,Nova Belém,
-43.037498,-19.75,1671,3144706,Nova Era,
-43.846664,-19.985556,2597,3144805,Nova Lima,
-41.501389,-18.437222,258,3144904,Nova Módica,
-47.674725,-19.1525,572,3145000,Nova Ponte,
-43.300556,-15.8025,198,3145059,Nova Porteirinha,
-46.42028,-21.126112,270,3145109,Nova Resende,
-44.983612,-19.876112,3270,3145208,Nova Serrana,
-43.57972,-19.689999,1099,3136603,Nova União,
-41.875275,-17.468056,403,3145307,Novo Cruzeiro,
-41.215279,-17.415277,109,3145356,Novo Oriente de Minas,
-42.40778,-16.017221,295,3145372,Novorizonte,
-43.937222,-21.860834,280,3145406,Olaria,
-43.573334,-17.396944,91,3145455,Olhos-d'Água,
-45.263889,-22.06778,1776,3145505,Olímpio Noronha,
-44.827221,-20.696388,118,3145604,Oliveira,
-43.45639,-21.33889,296,3145703,Oliveira Fortes,
-44.80722,-19.730278,250,3145802,Onça de Pitangui,
-42.805553,-20.430555,278,3145851,Oratórios,
-42.209999,-20.50639,1366,3145877,Orizânia,
-43.691944,-20.520834,868,3145901,Ouro Branco,
-46.368889,-22.283054,3676,3146008,Ouro Fino,
-43.508057,-20.2875,655,3146107,Ouro Preto,
-41.269722,-18.070557,178,3146206,Ouro Verde de Minas,
-42.515278,-16.364445,1594,3146255,Padre Carvalho,
-41.484444,-17.074167,483,3146305,Padre Paraíso,
-43.065277,-15.516666,598,3146552,Pai Pedro,
-45.531666,-18.908333,231,3146404,Paineiras,
-45.661392,-20.370556,122,3146503,Pains,
-43.415836,-21.289165,347,3146602,Paiva,
-42.314167,-21.375,313,3146701,Palma,
-40.420002,-16.735001,954,3146750,Palmópolis,
-44.74778,-19.449165,2611,3146909,Papagaios,
-44.608334,-19.860279,2584,3147105,Pará de Minas,
-46.874722,-17.222223,503,3147006,Paracatu,
-45.737499,-21.547222,630,3147204,Paraguaçu,
-45.779999,-22.554167,1371,3147303,Paraisópolis,
-44.404167,-19.274445,65,3147402,Paraopeba,
-44.966667,-22.390278,377,3147600,Passa Quatro,
-44.495556,-20.650555,492,3147709,Passa Tempo,
-44.234444,-22.209446,47,3147808,Passa-Vinte,
-43.136391,-19.353334,2870,3147501,Passabém,
-46.609722,-20.718889,198,3147907,Passos,
-44.081944,-16.076389,6201,3147956,Patis,
-46.518055,-18.57889,4182,3148004,Patos de Minas,
-46.9925,-18.943888,110,3148103,Patrocínio,
-42.214722,-21.1525,715,3148202,Patrocínio do Muriaé,
-42.980278,-20.874166,227,3148301,Paula Cândido,
-42.868332,-18.4275,520,3148400,Paulistas,
-40.99889,-17.427776,1294,3148509,Pavão,
-42.556942,-18.548611,2020,3148608,Peçanha,
-41.297222,-16.005278,284,3148707,Pedra Azul,
-42.329998,-20.520555,482,3148756,Pedra Bonita,
-42.713612,-20.597223,225,3148806,Pedra do Anta,
-45.208889,-20.258333,226,3148905,Pedra do Indaiá,
-42.154167,-20.830278,803,3149002,Pedra Dourada,
-45.465836,-22.242779,340,3149101,Pedralva,
-44.391392,-15.606668,274,3149150,Pedras de Maria da Cruz,
-47.462223,-19.227777,2385,3149200,Pedrinópolis,
-44.043056,-19.618055,147,3149309,Pedro Leopoldo,
-43.745556,-21.70639,102,3149408,Pedro Teixeira,
-43.120552,-21.834167,303,3149507,Pequeri,
-44.65889,-19.632778,209,3149606,Pequi,
-45.084164,-19.952778,805,3149705,Perdigão,
-47.292778,-19.352777,863,3149804,Perdizes,
-45.091389,-21.090834,531,3149903,Perdões,
-42.233612,-19.157499,240,3149952,Periquito,
-41.598053,-18.356945,89,3150000,Pescador,
-43.322777,-21.509445,259,3150109,Piau,
-42.075832,-19.759445,181,3150158,Piedade de Caratinga,
-42.734165,-20.245277,253,3150208,Piedade de Ponte Nova,
-44.196114,-21.468611,291,3150307,Piedade do Rio Grande,
-44.227222,-20.471111,311,3150406,Piedade dos Gerais,
-45.798889,-20.483889,308,3150505,Pimenta,
-42.408058,-19.727501,191,3150539,Pingo-d'Água,
-45.155556,-16.058887,351,3150570,Pintópolis,
-44.482502,-20.507778,180,3150604,Piracema,
-48.700558,-19.906944,1020,3150703,Pirajuba,
-43.300278,-20.684721,137,3150802,Piranga,
-45.495277,-22.527777,399,3150901,Piranguçu,
-45.531666,-22.401112,243,3151008,Piranguinho,
-42.345554,-21.656389,4270,3151107,Pirapetinga,
-44.941944,-17.345001,567,3151206,Pirapora,
-43.02639,-21.276388,1213,3151305,Piraúba,
-44.890278,-19.682777,1729,3151404,Pitangui,
-45.958057,-20.465279,333,3151503,Piumhi,
-48.701946,-20.137777,445,3151602,Planura,
-45.965,-21.780832,3296,3151701,Poço Fundo,
-46.56139,-21.787777,552,3151800,Poços de Caldas,
-41.636948,-19.619722,1182,3151909,Pocrane,
-44.93528,-19.224445,4311,3152006,Pompéu,
-42.908611,-20.416388,248,3152105,Ponte Nova,
-45.065556,-16.630556,231,3152131,Ponto Chique,
-41.504166,-16.752777,2017,3152170,Ponto dos Volantes,
-43.028332,-15.743334,395,3152204,Porteirinha,
-43.084442,-20.673332,949,3152303,Porto Firme,
-41.786388,-17.806665,3717,3152402,Poté,
-45.93639,-22.230001,423,3152501,Pouso Alegre,
-44.9725,-22.193611,303,3152600,Pouso Alto,
-44.07972,-21.057499,1423,3152709,Prados,
-48.924168,-19.307222,485,3152808,Prata,
-46.860832,-20.744722,209,3152907,Pratápolis,
-46.378056,-19.751112,439,3153004,Pratinha,
-43.1875,-20.76861,390,3153103,Presidente Bernardes,
-44.058334,-18.637222,82,3153202,Presidente Juscelino,
-43.562222,-18.614445,1071,3153301,Presidente Kubitschek,
-46.418056,-18.417778,554,3153400,Presidente Olegário,
-44.155003,-19.481945,281,3153608,Prudente de Morais,
-45.55722,-19.273611,388,3153707,Quartel Geral,
-43.884445,-20.74,72,3153806,Queluzito,
-43.804165,-19.967222,483,3153905,Raposos,
-42.452499,-20.101944,1969,3154002,Raul Soares,
-42.469166,-21.525,191,3154101,Recreio,
-41.982502,-20.218889,443,3154150,Reduto,
-44.237499,-20.922222,336,3154200,Resende Costa,
-41.25528,-19.325556,770,3154309,Resplendor,
-43.762779,-21.0625,308,3154408,Ressaquinha,
-45.991669,-16.230001,544,3154457,Riachinho,
-43.049442,-16.006111,710,3154507,Riacho dos Machados,
-44.086666,-19.766945,7372,3154606,Ribeirão das Neves,
-45.061943,-21.190556,119,3154705,Ribeirão Vermelho,
-43.789444,-20.087502,110,3154804,Rio Acima,
-42.650833,-20.226112,1191,3154903,Rio Casca,
-40.569721,-16.608334,301,3155108,Rio do Prado,
-42.895836,-20.244722,282,3155009,Rio Doce,
-43.474445,-20.855278,501,3155207,Rio Espera,
-44.307777,-20.265278,283,3155306,Rio Manso,
-43.125275,-21.4575,566,3155405,Rio Novo,
-46.247223,-19.193611,585,3155504,Rio Paranaíba,
-42.539722,-15.609722,953,3155603,Rio Pardo de Minas,
-43.174168,-19.929167,1110,3155702,Rio Piracicaba,
-43.179169,-21.274721,846,3155801,Rio Pomba,
-43.827778,-22.089167,230,3155900,Rio Preto,
-43.009167,-18.293612,622,3156007,Rio Vermelho,
-44.318054,-21.021944,331,3156106,Ritápolis,
-43.019722,-21.629723,93,3156205,Rochedo de Minas,
-42.864998,-21.200001,282,3156304,Rodeiro,
-47.585556,-18.8825,246,3156403,Romaria,
-42.511944,-20.978889,207,3156452,Rosário da Limeira,
-42.262501,-16.407499,698,3156502,Rubelita,
-40.537498,-16.374722,980,3156601,Rubim,
-43.806667,-19.886389,3822,3156700,Sabará,
-43.083889,-18.666111,1186,3156809,Sabinópolis,
-47.440002,-19.865278,1134,3156908,Sacramento,
-42.290276,-16.170277,2150,3157005,Salinas,
-39.946945,-16.002777,474,3157104,Salto da Divisa,
-43.415279,-19.959446,1712,3157203,Santa Bárbara,
-42.139725,-19.977777,683,3157252,Santa Bárbara do Leste,
-43.702225,-21.959167,173,3157278,Santa Bárbara do Monte Verde,
-43.559444,-21.246111,154,3157302,Santa Bárbara do Tugúrio,
-44.223335,-21.119722,141,3157336,Santa Cruz de Minas,
-41.746387,-16.098333,193,3157377,Santa Cruz de Salinas,
-42.813889,-20.236111,246,3157401,Santa Cruz do Escalvado,
-42.448334,-18.827223,370,3157500,Santa Efigênia de Minas,
-45.413891,-16.689999,215,3157609,Santa Fé de Minas,
-40.685558,-16.983055,454,3157658,Santa Helena de Minas,
-47.525276,-19.308611,551,3157708,Santa Juliana,
-43.851387,-19.769722,7388,3157807,Santa Luzia,
-42.250557,-20.383888,629,3157906,Santa Margarida,
-43.112499,-19.449444,763,3158003,Santa Maria de Itabira,
-40.149445,-16.24889,398,3158102,Santa Maria do Salto,
-42.414169,-18.190277,1806,3158201,Santa Maria do Suaçuí,
-46.336666,-22.02861,664,3159209,Santa Rita de Caldas,
-43.914722,-21.562777,192,3159407,Santa Rita de Ibitipoca,
-44.094997,-22.149445,725,3159308,Santa Rita de Jacutinga,
-42.131943,-19.874445,104,3159357,Santa Rita de Minas,
-41.379997,-19.359722,114,3159506,Santa Rita do Itueto,
-45.703335,-22.252222,147,3159605,Santa Rita do Sapucaí,
-45.966389,-19.529722,404,3159704,Santa Rosa da Serra,
-50.121387,-18.838612,506,3159803,Santa Vitória,
-45.506668,-21.249166,179,3158300,Santana da Vargem,
-42.55722,-21.287222,294,3158409,Santana de Cataguases,
-44.043056,-19.006111,642,3158508,Santana de Pirapama,
-43.166389,-21.950001,194,3158607,Santana do Deserto,
-44.104443,-21.601389,381,3158706,Santana do Garambéu,
-45.130833,-20.897778,219,3158805,Santana do Jacaré,
-41.925278,-20.1075,569,3158904,Santana do Manhuaçu,
-42.568611,-19.363611,1357,3158953,Santana do Paraíso,
-43.714447,-19.168888,300,3159001,Santana do Riacho,
-43.691669,-20.787777,978,3159100,Santana dos Montes,
-44.918892,-20.946388,772,3159902,Santo Antônio do Amparo,
-42.815556,-21.758055,96,3160009,Santo Antônio do Aventureiro,
-42.608608,-20.314444,307,3160108,Santo Antônio do Grama,
-43.306667,-18.465834,140,3160207,Santo Antônio do Itambé,
-40.175835,-16.533888,783,3160306,Santo Antônio do Jacinto,
-45.29361,-20.087223,826,3160405,Santo Antônio do Monte,
-42.623608,-15.339444,209,3160454,Santo Antônio do Retiro,
-43.253887,-19.228334,76,3160504,Santo Antônio do Rio Abaixo,
-44.223057,-18.296944,201,3160603,Santo Hipólito,
-43.552498,-21.456667,1652,3160702,Santos Dumont,
-45.075832,-21.581667,306,3160801,São Bento Abade,
-43.949169,-20.625,119,3160900,São Brás do Suaçuí,
-42.011391,-19.526945,187,3160959,São Domingos das Dores,
-42.968334,-19.865,1286,3161007,São Domingos do Prata,
-41.486389,-18.591112,223,3161056,São Félix de Minas,
-44.864445,-15.948611,2387,3161106,São Francisco,
-44.985279,-20.710001,418,3161205,São Francisco de Paula,
-49.774166,-19.862778,219,3161304,São Francisco de Sales,
-42.267498,-20.789444,467,3161403,São Francisco do Glória,
-42.834442,-20.922777,309,3161502,São Geraldo,
-42.288055,-18.836111,361,3161601,São Geraldo da Piedade,
-41.359997,-18.9,227,3161650,São Geraldo do Baixio,
-45.833332,-18.338333,337,3161700,São Gonçalo do Abaeté,
-44.858887,-19.982779,362,3161809,São Gonçalo do Pará,
-43.362221,-19.826113,302,3161908,São Gonçalo do Rio Abaixo,
-43.390835,-18.004168,1766,3125507,São Gonçalo do Rio Preto,
-45.595276,-21.892221,1933,3162005,São Gonçalo do Sapucaí,
-46.048889,-19.31111,176,3162104,São Gotardo,
-46.505554,-20.641388,333,3162203,São João Batista do Glória,
-44.351944,-16.853056,248,3162252,São João da Lagoa,
-45.92889,-21.93,1330,3162302,São João da Mata,
-44.007778,-15.929167,137,3162401,São João da Ponte,
-44.090553,-14.883611,3643,3162450,São João das Missões,
-44.261665,-21.135555,448,3162500,São João del Rei,
-42.15139,-20.393612,162,3162559,São João do Manhuaçu,
-41.160278,-18.72139,651,3162575,São João do Manteninha,
-42.15778,-19.338612,147,3162609,São João do Oriente,
-44.516109,-16.541945,360,3162658,São João do Pacuí,
-42.014446,-15.313611,1033,3162708,São João do Paraíso,
-42.763332,-18.547777,1257,3162807,São João Evangelista,
-43.010555,-21.539999,1252,3162906,São João Nepomuceno,
-44.273888,-20.049166,297,3162922,São Joaquim de Bicas,
-46.31139,-20.718056,479,3162948,São José da Barra,
-43.616386,-19.7075,304,3162955,São José da Lapa,
-42.143333,-18.324446,249,3163003,São José da Safira,
-44.556942,-19.709723,309,3163102,São José da Varginha,
-45.52639,-22.328611,258,3163201,São José do Alegre,
-41.389446,-18.478611,638,3163300,São José do Divino,
-42.705002,-19.92861,519,3163409,São José do Goiabal,
-42.67028,-18.275278,88,3163508,São José do Jacuri,
-41.744724,-20.005278,1394,3163607,São José do Mantimento,
-45.054443,-22.116388,386,3163706,São Lourenço,
-42.718891,-20.707224,264,3163805,São Miguel do Anta,
-46.615276,-21.126667,535,3163904,São Pedro da União,
-42.602497,-18.365833,511,3164100,São Pedro do Suaçuí,
-42.523888,-20.170277,558,3164001,São Pedro dos Ferros,
-45.069443,-16.36861,416,3164209,São Romão,
-46.365833,-20.245277,283,3164308,São Roque de Minas,
-45.754166,-22.159166,124,3164407,São Sebastião da Bela Vista,
-42.636391,-21.072224,226,3164431,São Sebastião da Vargem Alegre,
-41.983612,-19.497778,924,3164472,São Sebastião do Anta,
-42.571388,-18.084446,136,3164506,São Sebastião do Maranhão,
-45.005001,-20.275555,1074,3164605,São Sebastião do Oeste,
-46.99139,-20.916945,66,3164704,São Sebastião do Paraíso,
-43.173889,-19.291945,67,3164803,São Sebastião do Rio Preto,
-44.976112,-22.218334,477,3164902,São Sebastião do Rio Verde,
-44.985279,-21.722223,228,3165206,São Thomé das Letras,
-44.509167,-20.913055,592,3165008,São Tiago,
-47.098053,-20.784445,394,3165107,São Tomás de Aquino,
-44.444168,-21.712502,119,3165305,São Vicente de Minas,
-45.7425,-22.747778,158,3165404,Sapucaí-Mirim,
-42.364998,-18.783611,1007,3165503,Sardoá,
-44.144726,-20.035276,478,3165537,Sarzedo,
-42.839443,-20.109167,325,3165560,Sem-Peixe,
-46.176666,-22.587223,318,3165578,Senador Amaral,
-42.945557,-21.800554,156,3165602,Senador Cortes,
-43.096664,-20.911943,407,3165701,Senador Firmino,
-46.17889,-22.164444,100,3165800,Senador José Bento,
-43.225002,-17.946667,543,3165909,Senador Modestino Gonçalves,
-43.344444,-20.793888,284,3166006,Senhora de Oliveira,
-43.084164,-18.892221,106,3166105,Senhora do Porto,
-43.5825,-21.028055,307,3166204,Senhora dos Remédios,
-42.481945,-20.47389,405,3166303,Sericita,
-44.519165,-21.909166,41,3166402,Seritinga,
-43.170002,-18.361944,433,3166501,Serra Azul de Minas,
-45.795834,-19.437777,99,3166600,Serra da Saudade,
-46.689724,-19.111389,140,3166808,Serra do Salitre,
-40.247501,-17.782499,601,3166709,Serra dos Aimorés,
-46.039722,-21.548056,561,3166907,Serrania,
-42.871387,-15.828611,186,3166956,Serranópolis de Minas,
-44.509998,-21.890278,131,3167004,Serranos,
-43.379444,-18.604723,1627,3167103,Serro,
-44.246666,-19.465834,6950,3167202,Sete Lagoas,
-42.272778,-17.725555,190,3165552,Setubinha,
-43.215279,-21.158888,258,3167301,Silveirânia,
-45.834999,-22.029444,87,3167400,Silvianópolis,
-43.311943,-21.963612,767,3167509,Simão Pereira,
-42.001389,-20.12389,259,3167608,Simonésia,
-42.098331,-19.234722,182,3167707,Sobrália,
-45.044998,-22.059999,307,3167806,Soledade de Minas,
-43.24778,-21.358889,957,3167905,Tabuleiro,
-42.233055,-15.807778,246,3168002,Taiobeiras,
-41.615555,-19.758612,221,3168051,Taparuba,
-46.823055,-19.922222,253,3168101,Tapira,
-46.020279,-19.887777,180,3168200,Tapiraí,
-43.687222,-19.669722,1063,3168309,Taquaraçu de Minas,
-42.006668,-19.280832,862,3168408,Tarumirim,
-42.856667,-20.651112,6368,3168507,Teixeiras,
-41.50528,-17.8575,3662,3168606,Teófilo Otoni,
-42.644447,-19.5825,249,3168705,Timóteo,
-44.178059,-21.110279,504,3168804,Tiradentes,
-45.964447,-19.003889,562,3168903,Tiros,
-43.017776,-21.174999,63,3169000,Tocantins,
-46.095554,-22.370556,53,3169059,Tocos do Moji,
-46.371944,-22.743055,213,3169109,Toledo,
-42.022778,-20.904722,2450,3169208,Tombos,
-45.253334,-21.696943,1755,3169307,Três Corações,
-45.241669,-18.20639,2746,3169356,Três Marias,
-45.512501,-21.366667,156,3169406,Três Pontas,
-41.645279,-18.979168,1315,3169505,Tumiritinga,
-48.705002,-18.592222,839,3169604,Tupaciguara,
-42.73,-17.285555,161,3169703,Turmalina,
-45.786945,-21.875555,3379,3169802,Turvolândia,
-42.94278,-21.120001,549,3169901,Ubá,
-44.778057,-16.285276,634,3170008,Ubaí,
-42.105553,-19.635277,7202,3170057,Ubaporanga,
-47.931946,-19.748333,14567,3170107,Uberaba,
-48.277222,-18.91861,181,3170206,Uberlândia,
-40.572777,-17.255833,2836,3170305,Umburatiba,
-46.906113,-16.3575,336,3170404,Unaí,
-50.335831,-19.530277,113,3170438,União de Minas,
-46.254166,-16.064165,661,3170479,Uruana de Minas,
-42.739445,-20.350834,533,3170503,Urucânia,
-45.742222,-16.1325,564,3170529,Urucuia,
-42.298332,-19.608334,433,3170578,Vargem Alegre,
-46.366108,-20.326668,287,3170602,Vargem Bonita,
-42.307499,-15.402778,3762,3170651,Vargem Grande do Rio Pardo,
-45.430279,-21.551388,478,3170701,Varginha,
-46.031666,-18.377777,2277,3170750,Varjão de Minas,
-44.730835,-17.598057,1031,3170800,Várzea da Palma,
-44.0275,-15.701388,1586,3170909,Varzelândia,
-46.90778,-17.986944,379,3171006,Vazante,
-43.602776,-15.589167,272,3171030,Verdelândia,
-42.735558,-17.399445,312,3171071,Veredinha,
-48.308334,-19.663334,321,3171105,Veríssimo,
-42.266945,-20.03611,3879,3171154,Vermelho Novo,
-43.923336,-19.691944,4473,3171204,Vespasiano,
-42.881943,-20.753889,182,3171303,Viçosa,
-42.24361,-20.865833,200,3171402,Vieiras,
-42.343056,-16.804443,480,3171600,Virgem da Lapa,
-45.091667,-22.333334,296,3171709,Virgínia,
-42.703888,-18.822779,708,3171808,Virginópolis,
-42.306667,-18.475834,542,3171907,Virgolândia,
-42.840553,-21.010279,1052,3172004,Visconde do Rio Branco,
-42.538887,-21.770555,266,3172103,Volta Grande,
-45.362778,-22.534445,64,3172202,Wenceslau Braz,
